sample_id,cer,prediction,ground_truth,num_tokens,mean_gradcam_gini,mean_attention_gini,mean_loss
0,0.17647058823529413,contar no 'l porrea.,contar nol porea.,10,0.6523418159906746,0.4395106130494527,20.33291359497222
1,0.15625,Potrebbe la ver permança e tut,Potrebbe t'aver per amança e tut,15,0.6783105385953635,0.41230452441405113,17.706101838006482
2,0.0967741935483871,t'asentir delectança chi benti,ta sentir delectança chi ben ti,13,0.6834307864495428,0.4115517975253784,22.04156736545946
3,0.03125,portasse li ança nel cuor sì come,portasse liança nel cuor sì come,16,0.7045567330813949,0.40537601977290705,22.381390390912486
4,0.2857142857142857,d'ourea.,dovrea.,7,0.6870731260659753,0.4745332956882614,16.577917473639836
5,0.06896551724137931,Doverebbe ciascun rifrutare per,Dovrebbe ciascun rifrutareper,17,0.6714400982749379,0.4415512850692905,20.107365573033455
6,0.03333333333333333,te tutto 'l mondo d'amare ete,te tutto 'l mondo d'amare e te,16,0.7480377762424133,0.43073635070340366,20.091947466102944
7,0.037037037037037035,dolçe madre laudare col' più,dolçe madre laudare col più,15,0.650153795663595,0.4006035423741464,21.637282124906747
8,0.0,dolçe filiol che sia.,dolçe filiol che sia.,13,0.7181785309098416,0.39925582563464634,20.995381950139947
9,0.04,Siate a piacere gloriosa,Sia te a piacere gloriosa,13,0.7210739507284202,0.39137095893861107,20.365202060096635
10,0.0,ki canta tua lauda amorosa,ki canta tua lauda amorosa,13,0.7229650368880033,0.4484297223028793,21.525834945526395
11,0.038461538461538464,de farli la mente studiosa.,de farli la mente studiosa,11,0.7143715456035884,0.4462244908246726,22.26276669716041
12,0.04,ke laudi ben nocte e dia,ke laudi ben nocte e dia.,14,0.7254350266528136,0.4075509121219053,22.68537555782976
13,0.0,Diana stella lucente letitia de,Diana stella lucente letitia de,14,0.6549330692304837,0.47110315967544086,21.95327105661634
14,0.0,tutta la gente tutto 'l mondo,tutta la gente tutto 'l mondo,15,0.6823035242538148,0.44799994196363213,21.103868268360294
15,0.03125,e perdente sença la tua vigoria.,è perdente sença la tua vigoria.,15,0.666891554510858,0.45749378488189446,21.068050444498535
16,0.03225806451612903,Vigorosa potente beata per te e,Vigorosa potente beata per te è,14,0.6700514796776773,0.45363273192070924,20.785366346230123
17,0.13333333333333333,questa laude cantata tu sia,questa laude cantata tu se' la,13,0.6751449839197247,0.4419752450403736,19.020800278021607
18,0.0,nostra avocata la più fedel,nostra avocata la più fedel,15,0.6754576842244596,0.429836031325933,22.93776717979014
19,0.0,ke mai sia.,ke mai sia.,9,0.6822529468561607,0.4052648463571416,20.364661793139174
20,0.12,I Aude novella sia cantata,Laude novella sia cantata,12,0.7223861417101531,0.4532824331215208,20.086802204437976
21,0.041666666666666664,ke tanto è cortesissima.,ké tanto è cortesissima.,14,0.6927717190573244,0.4201270759917174,17.97152366801544
22,0.0625,Io masso questo te ne porta colli,Tomasso questo te ne porta colli,13,0.6973997698883247,0.44477738975581743,22.31362128010138
23,0.18421052631578946,apli ti confortadi k'io so viva,apostoli ti conforta di' k'io so' viva,19,0.7466999565920044,0.40649126148556963,19.715271604527036
24,0.075,non so morta n fui mai sì baldissima.,non so' morta non fui mai sì baldissima.,20,0.6865995193095839,0.4200219807704567,21.410558020998973
25,0.08108108108108109,Ben sì move aquesto panto per contar,Ben si move a questo pacto per contar,14,0.7244208081384811,0.4204648639516234,22.518990843438313
26,0.2,tutto lo facto conne a reral grande,tutto lo facto come areca 'l grand',15,0.7260244638713007,0.4277426275961696,17.90630081477864
27,0.20689655172413793,a canto di la più no phillissima.,acatto di la più nobilissima.,15,0.6954203186908015,0.40299171941460243,17.121080382631522
28,0.12,Madonna sancta Maria merce,Madonna santa Maria merçé,11,0.6534828043561237,0.47861725355282475,17.243528586113733
29,0.07142857142857142,de noi peccatori fave prego,de noi peccatori faite prego,14,0.7449634559062712,0.40993239533950604,20.032815538995326
30,0.0,se fa kiamare.,se fa kiamare.,9,0.6799265816402907,0.41348199342941044,18.082200046446914
31,0.0967741935483871,Penetentia penetentia domand' a la,Penetentia penetentia domandala,13,0.6804697375295193,0.4410103172498683,19.48826202937128
32,0.1,conreverentia omgrno pensi la,con reverentia omgnom pensi la,13,0.7060640056721013,0.43181062744375825,16.90012689729446
33,0.02702702702702703,sententia ke non sè dia mai revocare.,sententia ke non se dia mai revocare.,17,0.7187574345117116,0.4099847444803526,22.237916214717455
34,0.03125,Iesù Cristo manda pace scampane,Ihesù Cristo manda pace scampane,15,0.748077248014189,0.44482953776000905,18.152484273871472
35,0.037037037037037035,da la fornace la qual gemar,da la fornace la qual gemai,12,0.6899642219077337,0.40700199229369743,19.53454126545692
36,0.06666666666666667,altro non face chri peccatori,altro non face che i peccatori,13,0.6845982655905538,0.39684355704103247,21.57259716435671
37,0.08333333333333333,a tormentare.,atormentare.,7,0.5989885047128165,0.37939030268739954,17.268858762374357
38,0.2,Ave Maria gran plena virgença,Ave Maria gratia plena vergene,13,0.6662376427326139,0.4258259905338415,19.139706648306923
39,0.0,madre beata.,madre beata.,8,0.5903848552822741,0.4385709786565532,18.98028175479881
40,0.08571428571428572,Ave Maria gran plena stella diana,Ave Maria gratia plena stella diana,14,0.6729497706910624,0.4984985277472212,20.791841886584148
41,0.0,luce serena de vita via per cui de,luce serena de vita via per cui de,16,0.7145037323663861,0.44800726238831023,22.055516749388886
42,0.08333333333333333,pena e la gente liberata.,pena è la gent liberata.,12,0.632017535131193,0.4238266022745134,21.917052495795332
43,0.3333333333333333,call' and lo.,coll'anello.,8,0.6864872794491972,0.4309348193441932,17.027519986020692
44,0.03225806451612903,L'angelo fo messo da Dio bene co,L'angelo fo messo da Dio ben co,14,0.6794818984366169,0.4318883784918615,21.189388692368475
45,0.15151515151515152,menço et ben finio saviamte se,mençò et ben finìo saviamente sen,17,0.6839622416522904,0.39185621307261786,18.017401996770587
46,0.03333333333333333,ça rio anuntio lo suo libello.,ça rio anuntiò lo suo libello.,17,0.6932803890837835,0.39628249064666393,20.902428773039862
47,0.09090909090909091,Ave Maria gran plena Dio ti sal,Ave Maria gratia plena Dio ti sal,14,0.6940897820143715,0.4361873894595884,22.778156484706674
48,0.0,vi stella serena Dio è con teco,vi stella serena Dio è con teco,16,0.70870359885636,0.43691217032134955,20.126474522050103
49,0.09090909090909091,ché ti mina ennel paradiso bello,che ti mena ennel paradiso bello.,14,0.6857990048227566,0.4008474099683144,20.914337120949085
50,0.0,Fra le femene sè benedecta più,Fra le femene sè benedecta più,16,0.6408996005777772,0.44626270459291895,19.55991214886304
51,0.08823529411764706,ke null' altra ke sia d'erta Spiritu,ke null'altra ke sia decta Spiritu,16,0.7531171997971274,0.41766653346776417,22.936135488101797
52,0.1,sancto sì ta electa per la melio sença,Sancto sì t'à electa per la melior sença,20,0.6667539253056335,0.38963284639091667,20.466518700122684
53,0.125,ri bello.,ribello.,6,0.5883253893272281,0.4242898111307958,15.405960002859047
54,0.09375,Del tuo ventre iiscira tal fructo,Del tuo ventre uscirà tal fructo,16,0.6969728078784216,0.4528436543559061,21.266814724952923
55,0.12903225806451613,vole avere sè non voi conkio,vole avere se non voi con k' io,15,0.7555117298903856,0.42500302665220835,21.631266916597564
56,0.0,favello.,favello.,7,0.6204737895928999,0.4228292613771972,16.362532132970255
57,0.029411764705882353,Filiol di l'altissimo fie chiamato,Filiol di l'Altissimo fie chiamato,16,0.6732435263662426,0.43558538324690826,18.96844837068874
58,0.09302325581395349,Ihesù Cristo in on lato per lui fil mon,Ihesù Cristo in oni lato per lui fi' 'l mon,22,0.729735734663732,0.3925601683140934,21.52978192134333
59,0.0,do salvato et tracto de le man,do salvato et tracto de le man,12,0.6746853909970602,0.4444186758454,20.80135770638363
60,0.0,del fello.,del fello.,7,0.6578080406808507,0.4514677937284777,18.130041322470074
61,0.030303030303030304,Tu sè regina et elli e reie virgo,Tu sè regina et elli è reie virgo,17,0.6638919182015877,0.4411089395570323,21.483666426478166
62,0.13333333333333333,maria crede a mele non aura fi,Maria crede a meie non avrà fi,14,0.6524633266525469,0.3831197782111107,19.649596988525868
63,0.0625,né il dice a teie lo so regno al,ne il dico a teie lo so regno al,15,0.7436306511026138,0.42337761162756066,20.078200546899144
64,0.0625,tissimo e bello,tissimo e bello.,10,0.6124320461525442,0.4398316290031693,17.608159204781984
65,0.07142857142857142,El Psabeth tua cognata in sua,Elysabeth tua cognata in sua,13,0.7069376250982006,0.43315767043780384,22.70546035578724
66,0.2857142857142857,vekieça en gravidata non ne,vechieça è 'ngravidata non è,16,0.6450807124681102,0.42574937655645284,17.611153826101145
67,0.03571428571428571,splendore in voi dolçe amore.,splendore in voi dolçe amore,15,0.7247680932470727,0.422721569704778,22.593524736231924
68,0.0,agiam consolança.,agiam consolança.,9,0.6533428183804971,0.4018958692504738,19.3140363558909
69,0.058823529411764705,Ave regina pulçella morosa stella,Ave regina pulçell' amorosa stella,16,0.7332096960270043,0.459897901120469,20.613412089280615
70,0.03225806451612903,marina ke non stainascosa luce,marina ke non stai nascosa luce,14,0.6660696160230603,0.439281564425872,21.456007786654418
71,0.0,divina virtù gratiosa belleça,divina virtù gratiosa belleça,14,0.676242014924627,0.43646451705947203,22.78431556041218
72,0.03571428571428571,for mosa di Dio sè semblança.,formosa di Dio sè semblança.,15,0.6688514786985968,0.4278128187266402,20.047107138147105
73,0.03125,Templo sacrato ornato vasello a,Templo sacrato ornato vasello an,14,0.6752237884517106,0.445366487116916,21.11312163571285
74,0.25,nutiato da san Gabriello.,nuntiato da san Gabriello Cristo,14,0.7147947429053676,0.4337145797816486,19.821250676204436
75,0.06666666666666667,incarnato nel tuo ventre bellio.,incarnato nel tuo ventre bello,13,0.6458904911369087,0.43110382124113655,21.38577032547721
76,0.08571428571428572,fructo novello cun gran dilechança,fructo novello cun gran delectança.,17,0.7080310599540854,0.44010705724262045,21.634776016930097
77,0.24242424242424243,Vergimentade a Dio per mecteste unna,Verginitade a Dio prometteste uma,15,0.7159966634402327,0.3986175414704078,17.980889213085053
78,0.25,nita collui con ungeste cun primeri,nità co ·llui coniungeste cun purità,18,0.6799777684276419,0.42921637772556426,17.73883355377863
79,0.06666666666666667,Dami conforto madre del amore,Dami conforto madre de l'amore,15,0.7027948935104509,0.4511750204897151,22.79479017252354
80,0.02857142857142857,et mette fuoco et fianba nel mio co,et mette fuoco et fiamba nel mio co,17,0.6933738914695021,0.40879295849760994,19.85832785141105
81,0.04878048780487805,re ki t'amasse tanto a tutte l'ore k'io,re k'i' t'amasse tanto a tutte l'ore k'io,23,0.7236107529448875,0.4101835338559348,21.985158490086278
82,0.0,ne transmortisse spessamente.,ne transmortisse spessamente.,12,0.6721770364034027,0.4699520885309209,20.074286561387606
83,0.02564102564102564,Vergine bella for sovr'ogni rosa sença,Vergine bella fior sovr'ogni rosa sença,19,0.7054279420311707,0.4612881936544837,20.82538432823636
84,0.06451612903225806,carnal' amore sè dilectosa amata.,carnal amore sè dilectosa amata,15,0.6921341769858056,0.41183938625500804,21.661653673276223
85,0.05555555555555555,fosti et sè sovr'ogni cosa nel para,fosti et se' sovr'ogni cosa nel para,19,0.7082863579014956,0.43533687569086416,21.15527206416989
86,0.041666666666666664,diso se la più piacente.,diso sè la più piacente.,15,0.6919770252676761,0.4296642082885457,22.16354707306018
87,0.030303030303030304,Per voi ne piango molti sospiran,Per voi ne piangon molti sospiran,17,0.687816226615957,0.4426407647029502,20.61074603394837
88,0.0625,d'okiedendo lo tuo amore van gri,do kiedendo lo tuo amore van gri,14,0.7088705336184316,0.41507918251939424,21.03798035003378
89,0.15151515151515152,dando le Gauli occhi in alto ami,dando levan li occhii in alto ami,17,0.6848840092457571,0.39603838503990274,20.141963748300682
90,0.0,rando or ti ci dona gaudio de la gente.,rando or ti ci dona gaudio de la gente.,18,0.7101264732764733,0.3908629918100842,21.691878967783964
91,0.11764705882352941,Comiciamto fosti madre bella da,Cominciamento fosti madre bella di,15,0.7412406941826801,0.4392902294464962,19.30713315610598
92,0.08333333333333333,stancasta virgene donçella per voi,stari casta virgene donçella per voi,16,0.7205919614506763,0.4288118948686447,21.66552813341923
93,0.05555555555555555,fioresci 'l mondo et rinovella reina,fioresc' il mondo et rinovella reina,16,0.6528283250509677,0.41536315543326163,19.28054069139762
94,0.0,sovra li angeli resplendente.,sovra li angeli resplendente.,13,0.6752814282706012,0.4497497452152079,20.757769208510013
95,0.16666666666666666,porta bene morto chi non è a corto,porto ben' è morto chi nonn è acorto,19,0.6987450296741814,0.39407276685694353,20.49975634696619
96,0.13953488372093023,servire mai s'aglige non porra in alegran,servire mai saglire non porrà in alegrança.,20,0.6699090901895253,0.3898260040216094,21.045252459395282
97,0.07894736842105263,Rocca forte sença porte dan socorso,Rocca forte sença porte da' 'n socorso,19,0.7162246923029323,0.4329575291461672,21.585555396561844
98,0.02857142857142857,ché sorte de la morte vien de corso.,ché sorte de la morte vien de corso,16,0.703261499666541,0.44619748636930556,21.31008831411058
99,0.02857142857142857,io sum s'al chun sorso di savore dal,io sum s'alchun sorso di savore dal,17,0.6775771352682647,0.4060132990116731,20.837181792506204
100,0.0,tu' amore non me viem mie dolça,tu' amore non me viem mie dolça,16,0.6623847222966869,0.4358086497540127,21.15722565351473
101,0.0,amança.,amança.,6,0.4999703915882067,0.41164528087820323,14.896955074300726
102,0.08571428571428572,Granrugiata candidata pure necta,Gran rugiata candidata pur' e necta,16,0.6722484285801644,0.44351617769321605,20.922168217435676
103,0.15,anti nata perbeata da dielecta tu mu,anti nata per beata da Di' electa tu m'a,18,0.6820210466074671,0.3966811665707007,19.58190719285757
104,0.1388888888888889,specta chio remetta chio sun ciso,specta ch'io remetta ch'io su 'nciso,17,0.7012440423291428,0.4220183142633266,20.845990405362983
105,0.3157894736842105,ma la essio chio non v'adampdança.,mal assiso ch'io non vada 'n perdança.,18,0.7126422859822713,0.38996582260627943,20.52642458013921
106,0.1794871794871795,Dolç' aurora frescestosa riscrena la,Dolç' aurora fresc' et sora riserena la,19,0.7066569042511474,0.47016190964906623,19.906073243994307
107,0.13513513513513514,fina de stelle te data gran divina,fina de stelle t'è data gratia divina,16,0.7307607210572569,0.43431696110420137,21.75081922498066
108,0.325,t'afacta amata k'è tam venerança.,t'à facta amantata ke t'ài 'n venerança.,22,0.6661178095125616,0.408624157536104,19.074067196712534
109,0.0,Tu retrovasti el thesauro smaruto,Tu retrovasti el thesauro smaruto,16,0.667091608651503,0.479522254320532,22.50433941922094
110,0.03225806451612903,tu retrovasti l'om k'era caduto.,tu retrovasti l'om k'era caduto,16,0.7510741697653145,0.44322799045189676,21.9684685317701
111,0.09090909090909091,quandascoltasti lo dolçe saluto.,quand' ascoltasti lo dolçe saluto,18,0.6877038554880487,0.3973130512185345,21.523937529670032
112,0.0,cun grande fidança.,cun grande fidança.,11,0.6819990011433009,0.4107312300293382,20.783776726283985
113,0.029411764705882353,Arbor frondosa ké fai dolçe fructo,Arbor frondosa ke fai dolçe fructo,18,0.7254654073756678,0.4427978488622486,22.173460914173674
114,0.10256410256410256,de Cristo se sposa ké nostro conducto.,de Cristo se' sposa k'è nostro conducto,17,0.732504608981891,0.3961602537681197,22.246757998179927
115,0.0,dacti riposo de questo gran lucto,dacti riposo de questo gran lucto,15,0.6591568348384167,0.4361925816038595,23.261837347345136
116,0.3888888888888889,et don alegrança a mer,et don' alegrança.,11,0.6813257319638886,0.39446847795242945,20.823443011804056
117,0.0625,Ave dei genitrix,Ave Dei genitrix,10,0.7154996876815802,0.40288638204773275,17.332760023909213
118,0.1111111111111111,respondesti ecco me kio su,respondesti eccome k'io sun,12,0.6913862211011977,0.41818921262645753,20.83443202380454
119,0.16666666666666666,su' ancella.,sua 'ncella.,9,0.6306237000069422,0.41232158212983755,16.64516247429876
120,0.10344827586206896,O Mari virgene pura porta se,O Maria virgine pura porta sè,14,0.6781026483471314,0.41923290462685264,21.71262650371392
121,0.058823529411764705,del cielo secura ke per te ventra,del cielo sicura ke per te v'entra,17,0.736477008854886,0.44896062660083536,20.52164682328204
122,0.14285714285714285,non trova mura ne serraine ké,non trova mura né serrame ke,13,0.6744820648107263,0.42829728893977104,21.871182550802097
123,0.0,lo retegna.,lo retegna.,9,0.719889343265442,0.4494214321741181,18.578338172668232
124,0.0,O Maria cun gram pietade a voi,O Maria cun gram pietade a voi,14,0.6724712370480169,0.42286094744464925,24.999758998729444
125,0.037037037037037035,kiaman cun humilitade ke tu,kiamam cun humilitade ke tu,13,0.718537650739304,0.41873626818461485,19.69018739519204
126,0.0967741935483871,ce debia sempraitare dal nini,ce debia sempr' aitare dal nimi,16,0.7090530657555053,0.417115202017801,20.26550862190191
127,0.15,co ke non è prenda,co ke non ce prenda.,10,0.6336593338925958,0.42406796086868503,19.685529365716484
128,0.0,Ave vergene gaudente madre,Ave vergene gaudente madre,13,0.6882004212014855,0.42863581589127825,20.11081198137253
129,0.17647058823529413,de lo unipotente.,de l'Omnipotente.,12,0.6845504197435001,0.4257088231258627,19.717634985821103
130,0.0,Lo Signor per maravegla de te fei,Lo Signor per maravegla de te fei,15,0.7154206500541063,0.424166807458275,21.342822837736033
131,0.06451612903225806,ce madre e filia rosa biamche,ce madre e filia rosa biamch' e,16,0.686475743960717,0.4097587387783203,22.15903393171118
132,0.20512820512820512,venne gloria sovr' ogl'altro fiore aulente.,vermegla sovr'ogl' altro fiore aulente.,20,0.7407310719773088,0.4348978723203746,21.083011179042863
133,0.08571428571428572,Eravamon per dimento per lo nostro,Eravamo 'n perdimento per lo nostro,16,0.6558884694571195,0.45172174898629386,21.820089830784028
134,0.08333333333333333,fortet dura non fallasti perké t'm,fort' et dura non fallasti perké tam,15,0.6762705573502739,0.4213460754577026,23.252102083126676
135,0.0,eri prudente.,eri prudente.,7,0.5831109165459498,0.42664102854615754,18.358265236518946
136,0.09090909090909091,Sovrannoi avea facto lo nimico,Sovr'a ·nnoi avea facto lo nimico,19,0.7050628605277464,0.4370984738680839,18.834430281155523
137,0.09375,granda canto tu li desti scacco,grand' acatto tu li desti scacco,13,0.6460765179094061,0.4418720514150971,19.44383456152802
138,0.03125,matto tal ke sempre sta dolente,matto tal ke sempre sta dolente.,15,0.6946456993685833,0.4296727793638645,20.007278441606694
139,0.0,Benedicta tu reina colla gratia,Benedicta tu reina colla gratia,14,0.6833866230348944,0.4588531189232144,23.106388633139414
140,0.0,divina archa piena de doctrina,divina archa piena de doctrina,13,0.6959324421239731,0.4805978530021433,21.68705526673201
141,0.0,d'abundantia corrente.,d'abundantia corrente.,13,0.7021028781700326,0.4225019079073753,19.67656793044065
142,0.0,Tu sè fede tu sperança da cui vie,Tu sè fede tu sperança da cui vie,18,0.6977376218375727,0.43705370921686726,23.066540883647033
143,0.09090909090909091,né consolança bene gioia et alle,ne consolança ben è gioia et alle,15,0.7080486125469613,0.38835945861914034,18.776257284434784
144,0.0,grança a chi del tuo dolçor sente.,grança a chi del tuo dolçor sente.,17,0.6600099504413132,0.3800152878663508,21.671496334470703
145,0.0,Li rai de la tua lumera splendiente,Li rai de la tua lumera splendiente,16,0.6955238462800771,0.4516399698082525,23.29183503877447
146,0.11764705882352941,sesmera di te sol prende l'aspera,se smera di te sol prende sa spera,17,0.7323541030369797,0.440566267815916,18.701309635605206
147,0.15,pero ke se relucente.,peroké sè relucente.,12,0.6720894381988843,0.42966200977723523,21.350209915632046
148,0.058823529411764705,Konorata sè dal Padre di cun tu sè,Honorata sè dal Padre di cui tu sè,18,0.6895171150370559,0.42352270948005416,23.371859207852815
149,0.125,filia et madre intrinitasancta,filia et madre in Trinità sancta,14,0.6964684779379323,0.41826435061654227,20.972409578945562
150,0.030303030303030304,quadre insustantia luce ardente.,quadre in sustantia luce ardente.,14,0.675303071074823,0.4296644446830191,21.42810555041899
151,0.058823529411764705,Tu the savro tu richeçça tu virtude,Tu thesauro tu richeçça tu virtude,16,0.6757894537922148,0.4535707459018368,20.085562238513006
152,0.08571428571428572,tu largheçça tu semperial forteça,tu largheçça tu sè 'mperial forteça,17,0.6954918572650035,0.4112636563028851,21.68304701276147
153,0.0,per corona resplendente.,per corona resplendente.,11,0.6720226799562339,0.4446566854825987,18.266757592936134
154,0.030303030303030304,O Maria virgo degna prega Cristo,O Maria virgo degna priega Cristo,13,0.6510932771464781,0.46925502910337913,24.012718352283084
155,0.0,ke ne tegna al suo regno ne sove,ke ne tegna al suo regno ne sove,16,0.7290227546638997,0.41701247226112736,20.878073169150866
156,0.1724137931034483,gn'à per noi sì en tercedente.,gna per noi sia entercedente.,14,0.6596292094193856,0.38009419199087596,20.86722099465211
157,0.0,Garço canta cun dolçore per te versi,Garço canta cun dolçore per te versi,18,0.709024226058552,0.425481356892604,21.2890984777855
158,0.19444444444444445,cun l'audore disse plena de savore,cun laudore. Sì ·ssè plena de savore,19,0.6918471301895245,0.47057790287036394,20.64053222609334
159,0.0,cielo e terra fai fluente.,cielo e terra fai fluente.,13,0.654433012956531,0.41587605109663944,20.310766933302283
160,0.034482758620689655,O divana virgo flore aulorita,O divina virgo flore aulorita,14,0.6923009759486497,0.4724880208758974,20.31475444926345
161,0.0,d'ogne aulore.,d'ogne aulore.,11,0.7099119505052293,0.4204022565868893,18.008878978805527
162,0.125,Tu sè flor ke sempre gran e mo 'n,Tu sè flor ke sempre grane molta,16,0.6858211367355396,0.37558599309905255,20.67585255624725
163,0.09090909090909091,ti e non ferventi ma dei servidora,ti e non serventi ma deiservidori,15,0.7157243936411192,0.4145020137937802,19.95894317570963
164,0.0,eramo facti da cului tracti,eramo facti da cului tracti,12,0.6080393701899274,0.42659835938469753,21.584165955129706
165,0.10526315789473684,ke tutor fallente.,k'è tutor fallente.,10,0.6686148223522157,0.4227528939418289,19.21001865467099
166,0.11764705882352941,Le fresco gillio bianço e v'emeglo,Lo fresco gillio bianco e vermeglo,17,0.6985239400071618,0.451396623446134,20.63453885353628
167,0.20588235294117646,nationquesto mondo perdar con,nat' è 'n questo mondo per dar con,17,0.6823783286661859,0.4431467563037109,17.970821843336164
168,0.0,seglo de fugir pillio de quel,seglo de fugir pillio de quel,14,0.6914191344737844,0.3888687315996537,21.859964286110223
169,0.0,Per divino spiramento folli dato,Per divino spiramento folli dato,13,0.6290314256751142,0.45940366440801994,23.337851313440453
170,0.03225806451612903,en tendimento de salvar da perde,entendimento de salvar da perde,13,0.6831582119536589,0.4384157987886078,18.712084339213597
171,0.0,mento molti k'eran peccatori.,mento molti k'eran peccatori.,17,0.7124627186337283,0.456057117541194,22.65573879549479
172,0.0,A laude de la Trinitate l'ordine tre,A laude de la Trinitate l'ordine tre,15,0.7374961833915573,0.45378544608142746,20.851055391604525
173,0.0,da lui plantate per lo mondo dilata,da lui plantate per lo mondo dilata,14,0.7137012615777328,0.4446890643125269,23.135367420387656
174,0.0,te fanno fructo cun aulore.,te fanno fructo cun aulore.,16,0.733858891514108,0.47765392798543393,24.03394754228797
175,0.0,Li poveri frati minore de Cristo se,Li poveri frati minore de Cristo se,15,0.6974120885883693,0.42819652976365946,21.767273870911815
176,0.0,guitatore de le gente son doctori,guitatore de le gente son doctori,14,0.7348215454368923,0.41646112443035854,19.862046869737696
177,0.043478260869565216,predecando sençerrore.,predecando senç'errore.,13,0.6422799687860241,0.41330670960494736,18.023104566792316
178,0.0,L'altre son le pretiose margarite,L'altre son le pretiose margarite,15,0.7141968584254738,0.495759013670787,21.186462306976214
179,0.09375,gratiose vergeni donne recebiuse,gratiose vergeni donne renchiuse,14,0.6526414529964484,0.4384585359142056,20.646026760647178
180,0.0,per amor del criatore.,per amor del criatore.,12,0.6661998342041205,0.42863897056155054,20.510256031900116
181,0.03125,meçço a tutto 'l mondo per a lumi,meçço a tutto 'l mondo per alumi,17,0.7103196667283955,0.4080634412126625,19.10821091254097
182,0.0,nar la gente.,nar la gente.,8,0.6493199997918688,0.4253593973350181,20.684424184619274
183,0.12121212121212122,Le tre magi lamber veduto tosto,Le tre 'Magi l'abber veduto tosto,18,0.7056061539079834,0.4978052932113447,19.0036325667851
184,0.0,l'ebber cognosciuto diser nat' è,l'ebber cognosciuto diser nat' è,17,0.6929055144583508,0.43194676927800296,19.56807256430906
185,0.0,lo saluto Dio Padre omnipotente.,lo saluto Dio Padre omnipotente.,14,0.6754672957137237,0.4443872438434777,20.986658843901427
186,0.2,Quasche cum col suo reame sìllo,Ciaschedun col suo reame sì lo,16,0.6834674901656623,0.3951745440524246,19.70067097555692
187,0.2777777777777778,prese a seguntare corne conferte.,prese a seguitare co ·rricc' offerte,18,0.6967868095234098,0.400835347473372,19.154792037275058
188,0.02702702702702703,da laudare la qualfo molt' avenente.,da laudare la qual fo molt' avenente.,15,0.674844279549766,0.39704275886396173,20.855719510710152
189,0.03333333333333333,prender humanitate et dar si in,prender humanitate et darsi in,12,0.6765472193671038,0.44014703265890315,20.28599117364168
190,0.35714285714285715,altrui podestade quei ke sovra,altrui podestade k'è sovr' o,16,0.7188806205470131,0.4046599432655952,19.626536503407124
191,0.23076923076923078,gne pò deroso.,gne poderoso?,9,0.6978828527511064,0.44417131730343357,19.894752038332122
192,0.09375,Po deroso fe discesa chiusamente.,Poderoso fe' discesa chiusamente,15,0.7088975133101424,0.46517217042789505,21.53617516358684
193,0.15151515151515152,fe messaggio ad quella morosap,fe' messaggio ad quella amoros' a,15,0.6987555785538662,0.4327893438580183,20.90682148916627
194,0.09090909090909091,presa donna di grand' umilitagio,ppresa donna di grand' umiltaggio,14,0.6626979925540232,0.4339572355334214,19.678554041036723
195,0.08823529411764706,annuntiòlle comm' essaggio l'angelo,annuntiòlle com messaggio l'angelo,17,0.7057094145226496,0.443325501683134,18.40018093823587
196,0.2222222222222222,gabbriel beato et dice casto ordina,Gabriel beato et dix è Cristo ordina,16,0.6970307008540766,0.4331099298073411,23.177960619096993
197,0.0,to in te donna venir rinchiuso.,to in te donna venir rinchiuso.,15,0.7086497666085891,0.4404966235567123,22.063559356958923
198,0.19444444444444445,R inchiuso questo cun sera può ké don,Rinchiuso questo cum serà puoké d'om,17,0.6732884221964212,0.4163353409677361,21.19330174081364
199,0.14285714285714285,non aisabença spirito santo in te,non ài sabença? Spirito Santo in te,16,0.6904058971146902,0.4428900266394644,21.05014307007275
200,0.06060606060606061,verra quei k'à in sè ongne potença,verà quei k'à in sè ongne potença,19,0.6816527417127192,0.3995830333451978,22.339621787988797
201,0.07894736842105263,et agia questo per sententia a lor dis,et agia questo per sententia. Alor dis,16,0.7129475718527412,0.4080975902788738,21.804749935864642
202,0.0,se la dolçe polçella de l'alto Dio,se la dolçe polçella de l'alto Dio,19,0.6924468851594094,0.39961482893391004,19.974652582595702
203,0.24242424242424243,mit' en gancella sia de me comai,mi teng' ancella sia de me com'ài,18,0.6446119176437644,0.4044324361612594,21.08949382874789
204,0.0,resposo.,resposo.,7,0.6338434265590197,0.4620268567923575,16.605270606723156
205,0.05128205128205128,Resposo tal concepec Ihesù Cristo salvia,Resposo tal concepeo Ihesù Cristo salva,18,0.6802591910613649,0.42788127667149223,20.913755671249824
206,0.058823529411764705,tore lo qual essa partuno fuor de,tore lo qual essa parturio fuor de,15,0.6990782581205032,0.4373151722691901,23.175400694203503
207,0.03333333333333333,pena e de dolore in gran vilta,pena e de dolore in gran viltà,15,0.7123102079533559,0.43581017402617306,19.274201654704886
208,0.05714285714285714,da ceto et di fel potato et cun duo,d'aceto et di fel potato et cun duo,15,0.6895342034667171,0.39913972166151956,18.020011949511474
209,0.35135135135135137,ladroni cruci suro ins' e mossenti en,ladroni crucifixo inferno 'l sentì en,16,0.6826518480573283,0.4039968917916053,18.904303759320896
210,0.25,nabisi e tutt' mondo tenebio o,n abisso e tutto 'l mondo tenebroso.,19,0.679334182827596,0.4589636502204663,17.202420864131657
211,0.08333333333333333,De la crudel morte de Cristo on bo,De la crudel morte de Cristo on' hom,16,0.6763279903678244,0.400808661596488,21.045585647134004
212,0.0,pianga amaramente.,pianga amaramente.,10,0.6140470574474162,0.4160040110336434,19.396096952293554
213,0.16666666666666666,Quando videri Cristo pillaro degni,Quando iuderi Cristo pilliaro d'ogne,17,0.7150263708454789,0.41736239352134763,18.109797358194857
214,0.029411764705882353,sanguinato commo falso amaramente,sanguinato commo falso amaramente.,16,0.6938183517049433,0.4676318353626635,21.244935757886594
215,0.24324324324324326,Po'il menarapilato enel' consillio,Poi 'l menar a Pilato e nel consellio,18,0.7187276358922302,0.42032231485431604,19.937094834108482
216,0.20588235294117646,ad' emandato da li iuder fo' od emp,ademandato da li iuder' fo condemp,14,0.6605636909687261,0.4343052748371357,16.739051806615684
217,0.03225806451612903,nato de quella falsa ria gente,nato de quella falsa ria gente.,15,0.7168236311927352,0.4418477020112142,22.50901000932782
218,0.05714285714285714,Tutti gridaro alta voce moi al fal,Tutti gridaro alta voce moia 'l fal,17,0.6970872056696874,0.43443491410157925,22.553069850972754
219,0.22580645161290322,so moi' a lueloce abrigatamente.,so moia 'l veloce sbrigatamente,17,0.750785733606128,0.4225380561884165,19.056354115871994
220,0.0,sia posto en croce ke non turbi,sia posto en croce ke non turbi,14,0.7099789486835583,0.4029335968492153,21.900943182399974
221,0.0,tutta la gente.,tutta la gente.,10,0.6564976885432796,0.4459588405771657,17.670257974136597
222,0.0,Nel suo vulto li sputaro e la sua,Nel suo vulto li sputaro e la sua,18,0.6820388292030704,0.45831660182090356,22.704104721352124
223,0.02857142857142857,barba si la pelaro facendo beffe li,barba sì la pelaro facendo beffe li,16,0.6395726095448135,0.4087739455279721,19.903800068006603
224,0.1111111111111111,putavo ke Dio sè facto fallamente.,'putaro ke Dio s'è facto falsamente.,17,0.6705948896734037,0.4284185672536469,22.058246517675396
225,0.02857142857142857,Poi ke 'n croce fo kiavellato dali,Poi ke 'n croce fo kiavellato da li,17,0.7067714717631496,0.4053672605918937,21.644600517349318
226,0.0,iuderi fo designato se tu sè Cristo,iuderi fo designato se tu sè Cristo,15,0.7015809335937744,0.4240563280927473,22.549986160026297
227,0.1,da Dio mandato descende qui securamente,da Dio mandato descende giù securamente.,19,0.6875309909352951,0.412203965317841,21.511536645947984
228,0.06060606060606061,Lo santo lato sangue menao etut,Lo santo lato sangue menao et tut,14,0.7112878638187217,0.48826087645605015,20.464101389050473
229,0.0,ti noi recomparao da lo nemico,ti noi recomparao da lo nemico,14,0.7199068592350992,0.4284048663501437,20.83510854559214
230,0.21052631578947367,ke ganao puno pomo si vilmente.,ke 'ngannao per uno pomo sì vilemente.,20,0.6934619767387051,0.40370818971849626,19.424849444273768
231,0.0,San Iovanni lo vangelisto quando,San Iovanni lo vangelisto quando,14,0.6582595474635854,0.45248464151600076,23.61249112869921
232,0.09375,guardava suo maiestro vedielo,guardava suo maiestro vedielo 'n,16,0.6787983903321,0.4134208149638042,21.08780270814617
233,0.0,croce molt' era tristo et doloroso de,croce molt' era tristo et doloroso de,17,0.6975229971241044,0.48107869830306954,21.13709154548604
234,0.08333333333333333,dela mente.,de la mente.,8,0.661774267817572,0.4207107338242421,18.160432845254483
235,0.11764705882352941,Li soi compagni la bandonaro tutt' i,Li soi compagni l'abandonaro tutti,16,0.698768442299784,0.4091061193199178,20.00379845369843
236,0.027777777777777776,fugiero elui lasciaro stando tormen,fugiero e lui lasciaro stando tormen,18,0.7571924526299907,0.4417295957902052,21.306146365362324
237,0.030303030303030304,to forte et amarode lo suo corpo,to forte et amaro de lo suo corpo,15,0.6971473581721895,0.430354038404447,23.095786356923107
238,0.125,sermonne.,sermone.,6,0.5912683837995405,0.45717020419129567,17.178890926520882
239,0.0,Poi gente dice a li suoi frati li,Poi gente dice a li suoi frati li,15,0.6960726459186656,0.44157573535386213,23.307273998864297
240,0.09375,apostoli sancti cati nel la fede,apostoli sanctificati nella fede,13,0.6903962874125196,0.4118644508098099,21.20052720028455
241,0.2,fuor confirmati a l'oraldisse.,fuor confirmati alora 'l disse,12,0.6778114766591615,0.43180631568814837,21.167042841513176
242,0.0,e comandòne.,e comandòne.,10,0.6927476089594939,0.4292314949130868,15.808041487587612
243,0.05555555555555555,Per tutto 'l mondo venandate el mi,Per tutto 'l mondo ve n'andate el mi,17,0.6997845251708706,0.4323065573825887,21.99909669510427
244,0.06451612903225806,o evangelio predicate en el mio,o evangelio predicate e nel mio,12,0.7203517143016018,0.44880421655243813,21.94650609274648
245,0.04,nome bapticate con grande,nome baptiçate con grande,12,0.6897063632311905,0.43481980974654216,20.708982913775483
246,0.07692307692307693,benedictone.,benedictione.,8,0.6042566938973336,0.42507783986428327,19.556207269389915
247,0.0,E non debiate aver paura predi,E non debiate aver paura predi,12,0.6977566100350344,0.46945281319327953,20.13735825804963
248,0.0,cate ad ogne creatura ki crede,cate ad ogne creatura ki crede,14,0.7032798353465364,0.38897445055414676,21.704186370312332
249,0.12903225806451613,et aura paura avirà salvatore.,et avrà paura avirà salvatione.,15,0.6567086241088583,0.415291059870919,20.847237847858892
250,0.21621621621621623,Ki non credra sirà perduto od gemma,Ki non crederà sirà perduto condempna,17,0.6919406466045056,0.423018145783375,21.014064634545804
251,0.09375,to è battuto mai non avir' al mi,to e battuto mai non avirà 'l mi,16,0.6791362140863777,0.40956637584496264,23.37345799803716
252,0.22580645161290322,o aiuto e andarampditione.,o aiuto e andarà 'n perditione.,18,0.7013804659037723,0.4108686704133586,18.61575608120975
253,0.03571428571428571,Vel mio nome resuscitate mor,Nel mio nome resuscitate mor,12,0.7172243133090804,0.4477587741276318,21.004988470328186
254,0.17647058823529413,ti ci legro si mundate e lin fermi,ti e i leprosi mundate e l'infermi,17,0.7356560131232945,0.4575948432462588,19.22321183463258
255,0.030303030303030304,si curate sanando le lor persone.,sì curate sanando le lor persone.,16,0.7313991629146653,0.4082063584905721,20.980457588606924
256,0.058823529411764705,Ki crederà non siravano a cui voi,Ki crederà non sirà vano a cui voi,18,0.6991319036979243,0.4049151416043583,21.192129823871692
257,0.1,oporate manu sempre sirà salvo,porrete manu sempre sirà salvo,13,0.6716451012953973,0.4390957220149157,22.905057086832933
258,0.0967741935483871,esano et avirà bon guitardone,e sano et avirà bon guidardone.,15,0.7064018510127293,0.375369238596475,20.96741509151179
259,0.21212121212121213,L'arra fe non se remova avare,La nostra fe' non se remova avare,14,0.6928197086233715,0.4240970990676969,20.55098926335839
260,0.03225806451612903,te lingua nuova ogn' omo perda,te lingua nuova ongn' omo perda,15,0.6984876716954234,0.4250711650279302,19.79779938059655
261,0.1,el regno caro Dio nedea per,e 'l regno caro Dio ne dea per,16,0.7056423037025769,0.4352156555809237,19.045160142222016
262,0.29411764705882354,guid ardone ama,guidardone. amen.,10,0.5887026130889144,0.37635802345443575,17.2763860248029
263,0.038461538461538464,Spiritu sancto dolçe amore,Spiritu Sancto dolçe amore,13,0.6393221688264172,0.43276702928511196,23.059193944001034
264,0.0,tu sè nostro guidatore.,tu sè nostro guidatore.,12,0.6748514765271095,0.41857194653339863,25.165979883982686
265,0.4375,Lo fantelli cun a e foco ardente,Lo Spiritu Sancto è foco ardente,14,0.6952909949892937,0.4257552832524971,18.916736551588592
266,0.034482758620689655,O beata Trinitade odivina ma,O beata Trinitade o divina ma,13,0.7298861152578903,0.44290665997193723,19.76006775635904
267,0.02857142857142857,iestade per la tua gran pietade ren,iestade per la tua gran pietade rem,14,0.6755297319842697,0.43492612023432536,24.04697578293516
268,0.10344827586206896,pione del tuo amore lo mondo,piene del tuo amore. Lo mondo,14,0.6726317509759558,0.45069971621266897,24.526165378154474
269,0.15151515151515152,L'omondo e falso edesliale satha,Lo mondo è falso e desliale Satha,17,0.7187175154865639,0.4564873469990173,20.03565501361511
270,0.06666666666666667,na sne fa far male lo corpo ne,nas ne fa far male lo corpo ne,12,0.6478429617072624,0.3951348049029993,19.63075794769581
271,0.18518518518518517,vole 'ngan nare et unaiuta,vole 'ngannare e tu n'aiuta,15,0.6687382519614645,0.4031525930347737,18.813044293532343
272,0.0,creatore.,creatore.,6,0.5048665567580818,0.4066155020164068,17.74862692748502
273,0.06060606060606061,Spirito sancto glorioso sovranoi,Spirito Sancto glorioso sovra noi,15,0.6917285815320688,0.45805330067058597,22.333367274204882
274,0.17647058823529413,nor na gratioso.,noi sia gratioso.,11,0.672996019314498,0.42705994152698135,17.489111751818015
275,0.06666666666666667,Ke donasti pace al mondo tu sì,Ke donasti pace al mondo tu Si,13,0.7048839706328748,0.4447478283158065,22.242676805158563
276,0.09090909090909091,gnor fresche iocondo tu ne guard,gnor fresch' e iocondo tu ne guar,16,0.691316380110452,0.408526916647434,20.196090791686743
277,0.027777777777777776,da del profundo di quel logo tenebra,da del profundo di quel logo tenebro,14,0.6553855426649375,0.4265332684897142,20.678021334234195
278,0.2,broso.,broso,5,0.6526307601914927,0.424388051284445,12.914267364872103
279,0.16216216216216217,Lava nulla luce ogne reo visi con,la v' à nulla luce ogne reo vi si con,19,0.6767923985075096,0.38707746132071164,19.679873629586066
280,0.06451612903225806,duce ki vi cade tutto cuore già,duce ki vi cade tutto cuoce gia,16,0.7125106564533588,0.3786300477061719,20.822895362858816
281,0.09523809523809523,me non starà otioso.,mai non starà otioso.,12,0.6466951308030304,0.4440837558707023,19.661938771287748
282,0.1,A tuo regno ne con duca san ma,Al tuo regno ne conduca san Ma,13,0.7137232555383988,0.39806401692551197,18.96216884025908
283,0.13333333333333333,tho março et luca san Iohanni,theo Marco et Luca san Iohanni,13,0.6956479593533977,0.45856377051966213,19.742543842191267
284,0.20588235294117646,canti ke duca ke per te è virtuoso.,quei k'è duca ke per te è virtuoso,18,0.7412652872741652,0.4013180947944031,18.035528084345668
285,0.23076923076923078,Ke possi non signare colli sancti te,ke possiam teco regnare colli sancti te,16,0.7412898186257235,0.4174053114980739,18.77318296556768
286,0.25,laudare o veter glondicare.,laudare et veder glorificare,12,0.7055856015517769,0.37533957331524964,15.39114128877794
287,0.045454545454545456,come signor ponderoso.,come Signor ponderoso.,9,0.6404503678077123,0.4639190509232009,21.73883805884462
288,0.0,Garço de la gran sperança a te Cristo,Garço de la gran sperança a te Cristo,17,0.6609812102237642,0.39948492672812763,23.019403567314356
289,0.05,per pietança tu n'ai facti a tua sembiam,per pietança tu n'ài facti a tua sembian,20,0.7332178335940894,0.40403996927014363,20.784313496850654
290,0.038461538461538464,ça pregò ke ne dea riposo.,ça prego ke ne dea riposo.,13,0.6810465555304345,0.42753707748148884,19.070006366062408
291,0.04,Spirito sancto da servire,Spirito Sancto da servire,10,0.6956874290265953,0.43379801391319894,22.152686260125382
292,0.16666666666666666,danal core de te sentire.,da' ·nn al core de te sentire.,14,0.6527255916478122,0.41863245877720345,19.711128429649566
293,0.0,Spiritu di veritade e fontana de,Spiritu di veritade e fontana de,13,0.6839294201722452,0.39115057771452744,20.997855497703206
294,0.0,te suo creatore.,te suo creatore.,9,0.7018434286556849,0.39238899313329084,22.912619723171524
295,0.0,Creatura humana scognoscente,Creatura humana scognoscente,12,0.6617668486425438,0.41840272851367577,21.13565802574156
296,0.0625,sovr' ogn' altra terrena creatura.,sovr'ogn' altra terrena creatura,15,0.6735853001598834,0.4788676728457747,21.00251753857979
297,0.029411764705882353,come ti puoi partir sì per niente,comme ti puoi partir sì per niente,18,0.7020853527652423,0.4177826412662981,21.090588165139895
298,0.12121212121212122,l'alto factor cui tu sè creatura.,dal to factor cui tu sè creatura?,14,0.6831451537250984,0.44416628188442264,22.088997060166793
299,0.14285714285714285,ei ke ti chiama cun si amorosa,Ei ke ti chiama cusì amorosa,16,0.6897411979123356,0.3960120400971082,20.846584796905283
300,0.0,mente che torni a lui ma tu pur,mente che torni a lui ma tu pur,14,0.6671080016909662,0.42728578975369824,20.97355319376181
301,0.02857142857142857,li stai dura et non ai cura del tuo,li stai dura et non ài cura del tuo,17,0.6944973303152499,0.38828937200276964,21.161937493584272
302,0.0,salvatore.,salvatore.,8,0.6473292159527857,0.38243071152436414,18.145996823591148
303,0.13793103448275862,Salvatore ke de la vergene Maria,Salvatore ke de la vergene na,14,0.6999128470579912,0.4028575582060828,19.550490011028614
304,0.034482758620689655,scesti del tuo amor d'arne non,scesti del tuo amor darne non,15,0.7150776543456064,0.4061146884524709,22.19803783576931
305,0.06896551724137931,ti sia desdegno k'è gran segno,ti sia desdegno ké gran segno,15,0.7203904915388065,0.3918191763992749,23.934454631462344
306,0.030303030303030304,ke non sospiri tanto per amore ke,ké non sospiri tanto per amore ke,15,0.7408403408315728,0.45184926087656485,23.26191714599445
307,0.09090909090909091,tu morisse.,tu morisse?,7,0.6965567510904886,0.4910834945231141,17.422952820546794
308,0.03125,Norire dovaresti falso sconoscen,Morire dovaresti falso sconoscen,15,0.7195095434262008,0.47018751432788036,19.53312610785109
309,0.08571428571428572,te villano cieco pigro en engligente,te villano cieco pigro e negligente,14,0.6965984773311353,0.43416440196394446,19.695287532306143
310,0.0,ke per amor non vivi fervente,ke per amor non vivi fervente,13,0.7022049737213453,0.4102602716450666,18.753322792319523
311,0.0,sì ke languise.,sì ke languise.,10,0.6706609821098037,0.3958738818880313,17.12872186864687
312,0.1,L'anguisei ripensando la tua non,Languisci ripensando la tua no,14,0.694476810906,0.435006209072728,21.105300559527482
313,0.125,ia ke de l'amore Ihesù t'atolta,ia ké de l'amore ihesù t'à tolta,21,0.680566291843399,0.4206072003312932,21.080744607092917
314,0.0,gioia prego cor mio la mia vi,gioia prego cor mio la mia vi,14,0.7076474095768513,0.4285211495709973,22.467182227025074
315,0.038461538461538464,tà croia più non seguisse.,ta croia più non seguisse.,14,0.6536612499659763,0.41136503249215134,21.704325292763794
316,0.0,Seguita l'amor ke pò valere pi,Seguita l'amor ke pò valere pi,17,0.7113411993246181,0.43516576934990175,20.342514921556145
317,0.16129032258064516,quike tutto 'l mondo apostedere,ù ke tutto 'l mondo a possedere,16,0.6993123889887565,0.422108828848327,18.02813486750482
318,0.034482758620689655,grande boce ké fenda el polmo,grande boce ke fenda el polmo,13,0.7258760049775922,0.4476278175118335,19.713737689050433
319,0.05555555555555555,ne en fine a la fece e transmortisse.,ne enfine a la foce e transmortisse.,15,0.6887119137508304,0.44988536703020554,18.855100113966287
320,0.11764705882352941,Transmortisei cuore e va grando,Transmortisci cuore e va' gridando,14,0.6702782988365682,0.4443444178309187,19.93616749936229
321,0.2222222222222222,e pure amore amore amore amore an,e pure amore amore amore am,12,0.6801746317738067,0.4375982712734022,24.866968815525087
322,0.06666666666666667,mando ke no l'ai puramente ama,mando ké no l'ài puramente ama,17,0.6890022058081937,0.3976947847711826,22.825036006750533
323,0.03333333333333333,to va dolorando e parturisce.,to va' dolorando e parturisce.,15,0.7143800239765443,0.44194921317130487,20.769140092531725
324,0.12,Ori vole lo mondo desprec,Chi vole lo mondo despreç,13,0.7100527831369958,0.43673015006409777,19.129060571296854
325,0.030303030303030304,pare sempre la morte dea pensare.,çare sempre la morte dea pensare.,15,0.6906899249972888,0.4349430548084255,21.388728220687053
326,0.03333333333333333,La morte e fera e dura e forte,La morte è fera e dura e forte,16,0.6529317716153187,0.4810667386246699,20.436296060585356
327,0.0,runpe mure e passa porte ella,runpe mure e passa porte ella,14,0.6719363035190323,0.4235160522668906,20.438248246316984
328,0.038461538461538464,ene sì comune sorte ke neu,ène sì comune sorte ke neu,15,0.6690524880557559,0.4146716570652776,21.21036847173176
329,0.058823529411764705,non ne pò campare.,no ne pò campare.,11,0.6539418150547578,0.4079235575431806,19.870965414201155
330,0.0,sua madre colli sancti venaro per te,sua madre colli sancti venaro per te,15,0.7504592886745394,0.41485164563062,22.757475725589998
331,0.027777777777777776,condolçi canti menartene cun grande,con dolçi canti menartene cun grande,17,0.7239312376640106,0.38393307714684444,20.824510825839848
332,0.0,honore.,honore.,6,0.590874022351413,0.4449026948428864,18.60999278143648
333,0.02857142857142857,Facesti la corte r'alegrare dolcissi,Facesti la corte ralegrare dolcissi,18,0.6928632797559057,0.42368365997373125,21.21417852242616
334,0.08823529411764706,mi visi cantare d'avante l'alta ma,mi versi cantare davante l'alta ma,16,0.7035570676520563,0.4573165063635142,20.503553882226754
335,0.21212121212121213,iestade reddendo laude cumar por,iestade reddendo laude cun amore.,14,0.6855550167088529,0.4230305071833155,19.04020338425656
336,0.4666666666666667,Sia laudato frinitore lo cun,Sia laudato san Francesco quel,12,0.7475441486030983,0.408675255282229,17.060901244946876
337,0.23809523809523808,li caparve en crocefico como redicata,li c'aparve en croce fixo como redemptore.,20,0.6829308535394644,0.39739082966566625,19.073194915280283
338,0.03333333333333333,L'altre sono le pretiose maga,L'altre sono le pretiose marga,15,0.7033268987579621,0.5033417209362738,22.991600163773395
339,0.1111111111111111,rite gratiose verdone donne,rite gratiose vergini donne,12,0.6797594506770291,0.4285598793452087,21.52636270487314
340,0.030303030303030304,renchiuse per amor del salvatore.,renchiuse per amor del Salvatore.,14,0.6993114981628015,0.4393389759310997,21.445639111263663
341,0.058823529411764705,Eli frati continenti coniugati per,E li frati continenti coniugati pe,14,0.660991462954107,0.42788976114217164,19.547144052104784
342,0.03571428571428571,nitenti stando al mondo santa,nitenti stando al modo santa,13,0.7276079587966561,0.48094403734410485,21.275214846212048
343,0.0,mente per servire al Creatore.,mente per servire al Creatore.,12,0.6815521477781236,0.4339709084180368,21.1924858272871
344,0.03225806451612903,San Francesco glorioso tutto se,San Francesco glorioso tutto sè,13,0.6686495451615012,0.441422357676364,24.38641003203835
345,0.0,desideroso de Dio fosti copio,desideroso de Dio fosti copio,13,0.6479737774704997,0.44144884749879,21.75264910548348
346,0.0,so amoroso cun dolçore.,so amoroso cun dolçore.,14,0.6651585421123035,0.43211572182976354,22.966257248413854
347,0.0,Per la virtude sancta a Dio data,Per la virtude sancta a Dio data,13,0.6929915866757744,0.42605813544762927,20.19546474860079
348,0.06896551724137931,tutta quanta questa dolçe l'an,tutta quanta questa dolçe lau,16,0.6853584426548638,0.40380766990308237,20.474018645967377
349,0.08108108108108109,de canta di te francesco frando core,de canta di te Francesco franco core.,14,0.7019464063088494,0.42604078443600324,19.446573965532
350,0.0,ke si fa de questo pretiuso,ke si fa de questo pretiuso,12,0.6983117278270828,0.4062042847581175,22.052927464235097
351,0.06666666666666667,unguento mellio vendar e donari,unguento mellio vendare denari,12,0.6916769899514494,0.47409795204086236,19.5503804627139
352,0.0,trecento et darlo a li povari per,trecento et darlo a li povari per,16,0.7033272998989193,0.4569543133834529,22.765956528410356
353,0.0,loro consolare.,loro consolare.,9,0.6820790736721954,0.4419197783856414,22.870988474904657
354,0.0,Questo fo 'l principio e la cascio,Questo fo 'l principio e la cascio,14,0.6373520309680194,0.44612223017020514,20.602390084947668
355,0.06666666666666667,né perké Iuda fece tradiscione.,ne perké Iuda fece tradiscione,13,0.7376309066281217,0.4245963431203276,21.146430657312383
356,0.1,et a guisa duv vile schiavone,et a guida d'un vile schiavone,15,0.7150118174725683,0.4486057350644597,19.469221202508677
357,0.029411764705882353,vendo Cristo e fecelo tormentare.,vendeo Cristo e fecelo tormentare.,15,0.6917061378301044,0.42423767427292974,21.8569568095388
358,0.0,Era preso de quello unguento ke,Era preso de quello unguento ke,14,0.7062891368956236,0.4532734177126781,21.1319200758364
359,0.0,Magdalena fece cun giachi,Magdalena fece cun giachi,13,0.6701629792296209,0.4266977127262076,22.68227427243269
360,0.0,mento Cristo soffirio per noi tor,mento Cristo soffirio per noi tor,15,0.7038651677009732,0.4274410201687039,22.420479059162002
361,0.0,mento et morio in croce per noi,mento et morio in croce per noi,14,0.6364468394510778,0.4390908204539339,23.281377999963038
362,0.14285714285714285,n core cun dolçe c'ant' per amor,core cun dolçe cant per amor,14,0.677940181738502,0.41338790705183276,18.476785968323895
363,0.0,del Creatore.,del Creatore.,7,0.6247048745253975,0.4058020968318684,19.030359131942955
364,0.0,Per amor del Creatore cun timor,Per amor del Creatore cun timor,13,0.7163350870547321,0.41073430062936317,22.312874114140712
365,0.3448275862068966,ercvença cruitranda cunbal,e reverença exultando cun bal,13,0.7034913461507647,0.4142845359811639,17.69279039812343
366,0.0,doloroso.,doloroso.,7,0.6525781342240032,0.4694690128984074,17.902008464983346
367,0.034482758620689655,Dubito fo facto muto e nel na,Dubitò fo facto muto e nel na,15,0.6363969754052209,0.41168972784797453,20.641216174761258
368,0.2702702702702703,sce 'r fo absoluto de Spirito en,scer fo absoluto de Spiritu Sancto em,15,0.6993047048898475,0.37164300855972815,22.110473934797543
369,0.04,piuto perfecto de latioso.,piuto perfecto delatioso.,12,0.6379626222042621,0.4472818101911497,21.894520510726476
370,0.10714285714285714,Elisabeth angravidato qual,Elisabeth à 'ngravidato qual,13,0.635221374627174,0.44718355658342224,18.881164697500306
371,0.21621621621621623,sei meisi fel portato poi fo in,sei meisi fè 'l portato poi fo Cristo,17,0.6752753362825415,0.4180592828529261,20.18258630502083
372,0.17647058823529413,mutiato da quel angel digtoso,anuntiato da quel angel dignitoso.,15,0.6688874560328537,0.4296972869379436,19.264428656555236
373,0.0967741935483871,En contente la sovrana vergene,Encontenente la sovrana vergene,14,0.7275593130097376,0.45631055971673046,19.099563505579404
374,0.18181818181818182,mana diana per li morti tosta 'n,Maria diana per li monti tost' an,14,0.6752034842961636,0.4742128023289226,19.86422325171702
375,0.07407407407407407,dava venal parto copioso.,dava ven' al parto copioso.,14,0.7097071358216164,0.4482951966987811,20.664452033381544
376,0.14285714285714285,Per miracol a te pregne lu,Per miracol ambe prengne l'u,14,0.6916902288238341,0.42488842706348307,21.15800895459779
377,0.03333333333333333,na a l'altra sì viene en corpo,na a l'altra si viene en corpo,15,0.7172197913601358,0.4459345723752035,19.9775987545631
378,0.10714285714285714,Tu amore ke oi ungi cui più,Tu amore ke coniungi cui più,16,0.6675930134600687,0.4180759825518456,20.545442029833765
379,0.07407407407407407,ami spesso pungi omni piaga a,ami spesso pungi omni piaga,14,0.7001824488225629,0.45034327397289736,17.81123136330653
380,0.03571428571428571,poi ke lungi sença unguento,poi ke l'ungi sença unguento,15,0.7131318646040108,0.43712959320764805,19.77427935280525
381,0.0,fai saldare.,fai saldare.,9,0.6303214407103099,0.3806647280543817,19.353121174519302
382,0.10344827586206896,Dolce amore tu sè sper me ki ben,Dolce amore tu sè speme ki be,15,0.721620399149769,0.4228183511926158,22.622902591511473
383,0.0,ne ama sempre teme nasce et,ne ama sempre teme nasce et,13,0.6989865342076503,0.4127952343370124,21.988346833369214
384,0.0,cresce del tuo seme ke bon,cresce del tuo seme ke bon,13,0.7255619744025515,0.43061303589215744,21.30216586587718
385,0.0,fructo fa granare.,fructo fa granare.,10,0.6616420374030636,0.4356194869601337,21.595709852073906
386,0.14814814814814814,Inior tu non abandoni ki to,Amor tu non abandoni ki t'o,13,0.6691242111717587,0.40817507121804486,19.560567754958075
387,0.2222222222222222,laudi sì perdoni e di gloria cdli con,fende sì perdoni e di gloria e di co,18,0.689590037802486,0.3770553006766931,16.496198382642053
388,0.5416666666666666,Averen la burmidiare.,rone ki si sa humiliare.,10,0.646142957147471,0.35329959174720216,15.201078665012025
389,0.25,In grande colce fino inercato,Amore grande dolce fino increato,15,0.7170173970287468,0.4036728157637244,18.087424937098206
390,0.05714285714285714,Servi foste de Ihesù Cristo e seq,Servi foste de Ihesù Cristo e sequi,17,0.6537725676522699,0.4004294786883753,21.081456805634115
391,0.030303030303030304,ste il suo viagio perravere quel,ste il suo viagio perr avere quel,16,0.720454826526509,0.42622427121916107,22.19583879900155
392,0.0,dolç' aquisto lo qual non trov,dolç' aquisto lo qual non trov,15,0.6693542171493395,0.39739857444277,21.037577899295677
393,0.0,va paraggio tutti cun fermo,va paraggio tutti cun fermo,13,0.6745620096490601,0.4456956961882567,22.212811341230218
394,0.0,coragio vo pregam cun reverença,coragio vo pregam cun reverença,14,0.6646233035641363,0.43655694797009137,21.014148266757335
395,0.09375,k'è naitiati a la sentetia ki no,ke n'aitiati a la sentetia ki no,16,0.7118921514625127,0.43331198016897754,18.812354374109276
396,0.07407407407407407,mandiamo en quello ardore.,n andiamo en quello ardore.,13,0.6410562853526615,0.44902562801315427,22.111185092171407
397,0.17391304347826086,Voi chiamà per aveo cate,Voi chiamàm per avocati,13,0.6804704592057358,0.4069843688879261,17.220978718426448
398,0.12,noncte e di ogni sta scione,nocte e dì ogni stascione,16,0.7416297231955975,0.3760520155919859,20.90019080042704
399,0.09090909090909091,apostoli glorificati pieni deo,apostoli glorificati pieni de con,14,0.7035596337360712,0.43203884564645395,19.494868968177034
400,0.14285714285714285,solatione per lascena passione ke,solatione per la sancta passione ke,13,0.7119068517231343,0.42685664629046277,20.45231533022182
401,0.2631578947368421,dal mundo receveste e 'l lascagla,dal mundo receveste ella sancta gloria,15,0.684157131018894,0.4231181180558318,20.316687411130868
402,0.02631578947368421,per pietança d'essar nostro a vocatore.,per pietança d'essar nostro avocatore.,19,0.6843277821752082,0.4020718074931156,20.764197461347365
403,0.06896551724137931,Sancto to masso a Deo sirvisti,Sancto Tomasso a Deo sirvisti,15,0.7377851126867497,0.443490513478893,19.351734066009083
404,0.13333333333333333,nocte di ogne stascione illa,noct' e dì ogne stascione alla,18,0.6942236028582497,0.4074024904139369,23.68760542074763
405,0.23333333333333334,sua morto per la 'n gisti cun grande,sua morte plangisti cun grande,15,0.7110889972502142,0.3976054439577344,21.854259711517397
406,0.03225806451612903,devotione de la sua resurrection,devotione de la sua resurrectio,12,0.6399251982400237,0.42424782309014697,21.708183228862556
407,0.1111111111111111,n forten ente dubitasti fin,ne fortemente dubitasti fin,12,0.7548185477295765,0.45452538014811844,19.62413911014998
408,0.16129032258064516,kellato noi cercasti non ne,ké 'l lato no i cercasti non ne,16,0.6610490483919653,0.42683347219741796,18.96785219012486
409,0.0,fosti credetore.,fosti credetore.,10,0.6419631758225541,0.4610909291095071,21.996345650899276
410,0.03571428571428571,Malta gente convertisti a la,Multa gente convertisti a la,12,0.6604790567251567,0.462278679373836,19.47718203601349
411,0.15151515151515152,san fede pura li dole cader fa,sancta fede pura l'idole cader fa,17,0.7203930462355339,0.4007502690392801,22.418247536847684
412,0.10344827586206896,coste k'eramposte nelle mura,ceste k'eran poste nelle mura,15,0.6761336742669942,0.45822712213614036,22.76854823560764
413,0.0967741935483871,un pagna semoss' alora del col,un pagan se moss' alora del col,12,0.7138246221216962,0.45732423909834163,19.217244088625495
414,0.0,cadde morto encontenente,cadde morto encontenente,12,0.7085463649256679,0.42567247968082533,18.05116485551116
415,0.225,apolo de Deo servente prega il mu,apostolo de Deo servente prega il nostro,16,0.6763058278867607,0.4206088523662269,18.683756221026755
416,0.1111111111111111,critore.,criatore.,8,0.5810009252110573,0.4236543801731387,17.8704674029066
417,0.0625,Sancto filipo biato de bon core,Sancto Filippo biato de bon core,14,0.75678550782977,0.44175619084920076,20.029729961929007
418,0.034482758620689655,nui te laudamo apostolo da di,nui te laudamo apostolo da Di,12,0.6568356256058415,0.42055855575813345,18.1155337982669
419,0.2,o kiamato a te nera com' a,o kiamato a te ne racoman,12,0.7169164349204237,0.4186832447525921,18.221352802531225
420,0.0,damo in tua storia trovamo,damo in tua storia trovamo,13,0.7096227030762758,0.47013741122348424,21.94422934585502
421,0.03125,perescritto certamente ke de la,per escritto certamente ke de la,13,0.7206275788384768,0.4681627535899674,19.526601607940673
422,0.05405405405405406,pagana gente fosti gran convititore.,pagana gente fosti gran convertitore.,15,0.6974431776836022,0.404196281244933,20.873577238804593
423,0.1935483870967742,Per la fede compitusti no te,Per la fede compattisti nott' e,15,0.6633899630032295,0.42378823551550215,18.294217634164585
424,0.07142857142857142,di ogne stascione e peressa,dì ogne stascione e per essa,16,0.700058374701265,0.4457894941026589,21.400094024817005
425,0.03125,sufferisti forte pena e passione.,sufferisti forte pena e passione,14,0.6713486875022427,0.4114749384176686,22.375307202322006
426,0.0,gaudiosa ki avea desiderata,gaudiosa ki avea desiderata,14,0.7385451458790488,0.432208528677456,24.101853728280712
427,0.0,l'anima tua glorificata,l'anima tua glorificata,12,0.6967742348789795,0.4618583475094451,22.893083651796285
428,0.0625,a tuttore sta presente innanti,a tutt' ore sta presente innanti,14,0.7230874242027564,0.4390058817865769,22.18352597250875
429,0.034482758620689655,il suo viso pla gente a vedere,il suo viso plagente a vedere,14,0.6982052921610824,0.4371856189422771,21.95713348871553
430,0.0,lu suo splendore.,lu suo splendore.,9,0.6790856933485571,0.41172021391730684,22.52194544988884
431,0.041666666666666664,San simone iusto e santo,San Simone iusto e santo,11,0.7052579693472376,0.47299539499488896,19.323528210547465
432,0.0,dinanti a Dio glorificato te,dinanti a Dio glorificato te,12,0.685627257260859,0.41023935693525365,20.219288964909158
433,0.0,laudamo cun dulce canto sancto,laudamo cun dulce canto sancto,15,0.6777285117751701,0.4311804263306345,22.360785389162356
434,0.10714285714285714,apolo beato tu andasti in,apostolo beato tu andasti in,13,0.6822705658563252,0.4156437439869608,18.11919227904218
435,0.0,omni lato predicando per lo,omni lato predicando per lo,11,0.7006843764374192,0.4366425934667814,22.239664647579563
436,0.06666666666666667,mondo li dole caciando a fundo,mondo l'idole caciando a fundo,15,0.7001135619624914,0.431374024805572,21.237691132226548
437,0.0,a lor facendo disinore.,a lor facendo disinore.,12,0.7083883150101387,0.44850388922203305,22.344657470421982
438,0.08,In sieme sè concordaro que,Insieme se concordaro que,11,0.6926672539785087,0.4605401205807597,19.06893346526404
439,0.04,i pagani agnadiati quantro,i pagani agnadiati quatro,13,0.6544315966548021,0.437759454289069,19.008650678236748
440,0.06666666666666667,a guti' aparechiaro lungi e gros,aguti aparechiaro lungi e gros,14,0.6543121756628041,0.3994548126491617,21.588821428055148
441,0.10714285714285714,sì effmisururati manu e piei,si e smisururati manu e piei,15,0.7014146721117013,0.38742363380332046,18.031460373472388
442,0.03571428571428571,te fuoro clavati sulla croce.,te fuoro clavati sulla croce,13,0.6748593712030153,0.44525663617986366,21.797368792374773
443,0.03125,streetamente Ihesù Cristo omnipo,strectamente Ihesù Cristo omnipo,15,0.6866942889258653,0.4409391017351837,20.46598208804574
444,0.03571428571428571,tente si fo tuo consolatore.,tente sì fo tuo consolatore.,16,0.6673181397979427,0.41704276796059014,23.33445300125487
445,0.06896551724137931,Santo apostolo t'adeo te lauda,Santo apostolo Tadeo te lauda,13,0.7055971521792306,0.4579291930012597,21.209447576281534
446,0.12,mod' evotamente Iuda fu lu,mo devotamente Iuda fu lu,13,0.7151086367224029,0.4425554979383412,19.22683699658277
447,0.17857142857142858,nume tuo ben sape vera c'em,nume tuo ben sapem veracemen,13,0.6904338003354936,0.417958119474952,19.59705381697523
448,0.0625,te ke per quel falso fraudulente.,te ke per quel falso fraudolente,13,0.6691721084666367,0.43872232462324473,19.095529828522487
449,0.10526315789473684,fusti kiamato t'adeo,fusti kiamato Tadeo,12,0.7571772208330355,0.4634738084716841,21.631666739769116
450,0.19444444444444445,l'alta vervegene beata et diei,l'alta vervegene beata beata et dici,18,0.7136889994507425,0.46754849723551867,18.75816255885358
451,0.0,mo ave Maria sempre sia da,mo ave Maria sempre sia da,12,0.6919122759592956,0.3965212977417807,24.585036008873658
452,0.0,nui laudata.,nui laudata.,8,0.7113710538777411,0.41719158769645387,19.884883954418
453,0.10714285714285714,Saluti alla dulcemente et cru,Salutialla dulcemente et cum,13,0.6995639806082153,0.4261710021972596,18.74108669390972
